handle,possibly_sensitive_avg_of_nonreply_tweets,is_retweet_avg_of_nonreply_tweets,contains_quote_avg_of_nonreply_tweets,num_referenced_tweets_avg_of_nonreply_tweets,num_hashtags_avg_of_nonreply_tweets,num_mentions_avg_of_nonreply_tweets,num_cashtags_avg_of_nonreply_tweets,num_polls_avg_of_nonreply_tweets,interaction_score_avg_of_nonreply_tweets,lang_mode_of_nonreply_tweets,reply_settings_mode_of_nonreply_tweets,source_mode_of_nonreply_tweets,possibly_sensitive_avg_of_reply_tweets,is_retweet_avg_of_reply_tweets,contains_quote_avg_of_reply_tweets,num_referenced_tweets_avg_of_reply_tweets,num_hashtags_avg_of_reply_tweets,num_mentions_avg_of_reply_tweets,num_cashtags_avg_of_reply_tweets,num_polls_avg_of_reply_tweets,tweet_word_count_avg_of_reply_tweets,lang_mode_of_reply_tweets,reply_settings_mode_of_reply_tweets,source_mode_of_reply_tweets,replyPercentage,following_count,verified,protected,created_at,hasPinnedTweet,urlsInDescription,hashtagsInDescription,userWebsitesAdded,cashtagsInDescription,mentionsInDescription
Applebees,0.0012515644555694619,0.0050062578222778474,0.02753441802252816,0.058823529411764705,0.24405506883604505,0.07384230287859825,0.0,0.056320400500625784,0.00034254477823331304,en,everyone,Sprinklr Publishing,0.0,0.0,0.0375,0.9,0.05,1.0125,0.0,0.0625,24.6375,en,everyone,Sprinklr Publishing,0.8625,210,True,False,2009-09-15T13:54:34.000Z,False,0,0,1,0,0
Arbys,0.0,0.3035264483627204,0.07682619647355164,0.44836272040302266,0.3060453400503778,0.6511335012594458,0.0,0.007556675062972292,0.0018453211679773888,en,everyone,Twitter for iPhone,0.0,0.0375,0.025,0.8375,0.025,0.9875,0.0,0.0,15.8,en,everyone,Twitter for iPhone,0.775,67945,True,False,2010-06-14T12:37:06.000Z,False,0,0,1,0,1
AuntieAnnes,0.0,0.2240506329113924,0.14303797468354432,0.4189873417721519,0.11265822784810127,0.5303797468354431,0.0,0.020253164556962026,0.0029562890429349928,en,everyone,Sprout Social,0.0,0.0375,0.0375,0.7375,0.0125,1.0375,0.0,0.0,9.7125,en,everyone,Twitter Web App,0.6625,32221,True,False,2009-04-27T13:15:55.000Z,False,0,0,1,0,0
BWWings,0.0,0.10513141426783479,0.05506883604505632,0.311639549436796,0.28410513141426785,0.392991239048811,0.0,0.09762202753441802,0.0036027069721437216,en,everyone,Twitter Web App,0.0,0.0125,0.0,0.675,0.05,1.025,0.0,0.0125,10.1,en,everyone,Twitter Web App,0.6625,490,True,False,2011-06-10T16:21:09.000Z,False,0,0,1,0,1
BajaFresh,0.0,0.16559691912708602,0.014120667522464698,0.18998716302952504,1.1617458279845956,0.2991014120667522,0.0,0.0038510911424903724,8.374438150498249e-05,en,everyone,Sprout Social,0.0,0.0,0.0,0.6,0.0,0.675,0.0,0.0,27.2125,en,everyone,Sprout Social,0.6,37829,False,False,2009-06-23T15:14:59.000Z,False,1,0,1,0,0
BaskinRobbins,0.0,0.03,0.0175,0.0675,0.175,0.1275,0.0,0.02,0.0007389163844750763,en,everyone,Twitter Web App,0.0,0.025,0.0,0.65,0.0125,0.65,0.0,0.0125,13.025,en,everyone,Twitter Web App,0.625,8866,True,False,2008-04-30T15:13:26.000Z,False,0,0,1,0,0
BlazePizza,0.0,0.07133917396745933,0.1539424280350438,0.2816020025031289,0.32290362953692114,0.2753441802252816,0.0,0.007509386733416771,0.0015721674511236484,en,everyone,Sprout Social,0.0,0.0,0.0,0.9875,0.0125,1.125,0.0,0.0,4.45,en,everyone,Sprout Social,0.9875,16092,True,False,2012-01-09T19:54:57.000Z,False,0,0,1,0,0
BobEvansFarms,0.0,0.4122938530734633,0.0704647676161919,0.48875562218890556,0.34182908545727136,0.6986506746626686,0.0,0.008995502248875561,0.0015640564343035468,en,everyone,Twitter Web Client,0.0,0.2875,0.0,0.8125,0.1875,1.2875,0.0,0.0,16.2375,en,everyone,Twitter for iPhone,0.525,2668,True,False,2009-02-18T15:17:00.000Z,False,0,0,1,0,0
Bojangles,0.0,0.13266583229036297,0.07759699624530664,0.32040050062578224,0.23028785982478098,0.4856070087609512,0.0,0.03128911138923655,0.003449350825026464,en,everyone,Twitter for iPhone,0.0,0.1,0.0125,0.8125,0.0875,0.9625,0.0,0.0,13.7,en,everyone,Sprinklr Publishing,0.7,6544,True,False,2008-08-14T20:36:08.000Z,False,0,0,1,0,0
BonefishGrill,0.0,0.21573604060913706,0.008883248730964468,0.22842639593908629,0.6560913705583756,0.4365482233502538,0.0,0.011421319796954314,0.0005866947491312555,en,everyone,Khoros Publishing,0.0,0.075,0.0,0.325,0.15,0.4375,0.0,0.0125,18.0875,en,everyone,Sprout Social,0.25,1242,True,False,2009-04-28T13:38:40.000Z,False,0,0,1,0,0
BurgerKing,0.0,0.0225,0.10375,0.2225,0.18875,0.13,0.005,0.01,0.002818828548727989,en,everyone,Twitter for iPhone,0.0,0.0,0.0,0.975,0.0,2.475,0.0,0.0,19.8375,en,everyone,Sprinklr,0.975,3859,True,False,2010-07-16T15:08:05.000Z,False,0,0,1,0,0
BurgervilleUSA,0.00517464424320828,0.35834411384217335,0.16041397153945666,0.5213454075032341,0.44372574385511,0.6403622250970246,0.0,0.00129366106080207,0.000639855124133387,en,everyone,Sprout Social,0.0,0.0,0.0125,0.4625,0.0125,0.5375,0.0,0.0125,15.85,en,everyone,Twitter for iPhone,0.45,5308,True,False,2008-12-12T18:05:02.000Z,False,0,0,1,0,0
CHWinery,0.002506265664160401,0.06265664160401002,0.10776942355889724,0.17042606516290726,1.6165413533834587,0.4724310776942356,0.0,0.0,0.0010482094688809456,en,everyone,Twitter Web App,0.0,0.0,0.125,0.5,0.3625,0.5375,0.0,0.0,18.6375,en,everyone,Twitter Web App,0.375,2472,False,False,2010-10-12T17:45:28.000Z,False,0,0,1,0,0
CapitalGrille,0.0,0.04630788485607009,0.01376720901126408,0.09762202753441802,0.6933667083854819,0.2127659574468085,0.0,0.01877346683354193,0.0007447618409983509,en,everyone,Sprinklr,0.0,0.0,0.0,0.9,0.0,0.8625,0.0,0.025,16.875,en,everyone,Khoros CX,0.9,3748,True,False,2012-05-24T16:12:59.000Z,False,0,0,1,0,0
CaptainDs,0.0,0.03629536921151439,0.007509386733416771,0.04755944931163955,1.018773466833542,0.09762202753441802,0.0,0.0037546933667083854,0.0012411972210068945,en,everyone,Sprout Social,0.0,0.0,0.0,0.7375,1.075,0.8,0.0,0.0,30.425,en,everyone,Sprout Social,0.7375,5,False,False,2009-03-16T21:55:03.000Z,False,0,0,1,0,1
CarlsJr,0.0,0.05131414267834793,0.056320400500625784,0.20525657071339173,0.27033792240300375,0.2490613266583229,0.0012515644555694619,0.0025031289111389237,0.0012612322918340978,en,everyone,Twitter Web App,0.0,0.0,0.05,0.4625,0.0,0.675,0.0,0.0,9.625,en,everyone,Twitter for iPhone,0.4125,59,True,False,2008-09-02T21:46:59.000Z,False,0,0,0,0,0
Carrabbas,0.0,0.14213197969543148,0.012690355329949238,0.15862944162436549,0.5380710659898477,0.33248730964467005,0.0,0.006345177664974619,0.0011787086056626401,en,everyone,Khoros Publishing,0.0,0.0,0.0,0.6125,0.0875,0.7375,0.0,0.0,15.0875,en,everyone,Sprout Social,0.6125,4504,True,False,2008-12-05T02:43:52.000Z,False,0,0,1,0,0
Charleys,0.0012690355329949238,0.12055837563451777,0.06979695431472081,0.22081218274111675,0.7385786802030457,0.22461928934010153,0.0,0.024111675126903553,0.0021411796526199685,en,everyone,MomentFeed.,0.0,0.025,0.0125,0.65,0.1375,0.7625,0.0,0.0,15.9875,en,everyone,Twitter Web App,0.6125,156,False,False,2008-08-04T21:14:25.000Z,False,0,0,1,0,0
CheckersRallys,0.0,0.10062893081761007,0.13962264150943396,0.2729559748427673,0.31949685534591193,0.29056603773584905,0.0,0.011320754716981131,0.0030565286962687863,en,everyone,Twitter Web App,0.0,0.0125,0.025,0.5875,0.3875,1.0,0.0,0.0,16.45,en,everyone,Twitter Web App,0.55,1193,True,False,2010-02-15T17:07:11.000Z,False,0,0,1,0,0
Cheesecake,0.0,0.02375,0.0175,0.1275,0.30625,0.18125,0.0,0.0475,0.0003915244741292592,en,everyone,Falcon Social Media Management ,0.0,0.0,0.0,0.925,0.025,1.05,0.0,0.0,10.5625,en,everyone,Twitter for iPhone,0.925,13342,True,False,2009-04-16T21:05:57.000Z,False,0,0,1,0,0
ChickfilA,0.0,0.0050062578222778474,0.07384230287859825,0.11264080100125157,0.32040050062578224,0.08135168961201501,0.0,0.03629536921151439,0.0015077061364056961,en,everyone,TweetDeck,0.0,0.0,0.0,1.0,0.025,1.0,0.0,0.0,14.6625,en,everyone,Sprinklr,1.0,7240,True,False,2008-08-29T15:28:33.000Z,True,0,0,1,0,0
Chilis,0.0,0.005,0.1425,0.19875,0.3075,0.255,0.0,0.01125,0.0011032967706619764,en,everyone,Khoros Publishing,0.0,0.0,0.0375,0.875,0.1375,1.2625,0.0,0.0,11.825,en,everyone,Khoros CX,0.8375,25492,True,False,2009-08-12T14:37:05.000Z,False,0,0,1,0,1
ChipotleTweets,0.0,0.11280101394169835,0.058301647655259824,0.26108998732572875,0.21166032953105196,0.24334600760456274,0.0,0.0076045627376425855,0.005361478062145663,en,everyone,Twitter Web App,0.0,0.0,0.0,1.0,0.0,1.0,0.0,0.0,17.0875,en,everyone,Khoros CX,1.0,16,True,False,2010-05-07T20:50:36.000Z,False,0,0,1,0,0
ChurchsChicken,0.0025220680958385876,0.13745271122320302,0.11097099621689786,0.27616645649432536,0.742749054224464,0.3467843631778058,0.0,0.04791929382093316,0.00342981676381013,en,everyone,Twitter Web App,0.0,0.0,0.0125,0.95,0.1,1.175,0.0,0.0,6.95,en,everyone,Twitter Web App,0.9375,103,True,False,2009-01-27T19:33:05.000Z,False,0,0,1,0,0
ChuysRestaurant,0.0,0.2022613065326633,0.07035175879396985,0.2776381909547739,0.5603015075376885,0.4748743718592965,0.0,0.0,0.0017580302402499227,en,everyone,Khoros Publishing App,0.0,0.0,0.0,0.725,0.0,0.75,0.0,0.0,24.825,en,everyone,Khoros Publishing App,0.725,188,True,False,2009-07-21T02:39:03.000Z,False,0,0,1,0,0
Cinnabon,0.0,0.17794486215538846,0.047619047619047616,0.2731829573934837,1.1729323308270676,0.42105263157894735,0.0,0.005012531328320802,0.0006763542815852546,en,everyone,Sprout Social,0.0,0.0125,0.0,0.9625,0.075,1.2125,0.0,0.0,8.3125,en,everyone,Sprout Social,0.95,140564,True,False,2009-10-23T22:42:05.000Z,True,0,0,1,0,1
ColdStone,0.0,0.05157232704402516,0.01509433962264151,0.11949685534591195,0.40125786163522015,0.2339622641509434,0.0,0.0,0.001278325552711106,en,everyone,Sprout Social,0.0,0.0,0.0,0.9125,0.0,1.0125,0.0,0.0,28.5625,en,everyone,Sprout Social,0.9125,22132,True,False,2009-07-10T00:41:53.000Z,False,0,1,0,0,0
CrackerBarrel,0.0,0.041353383458646614,0.11904761904761904,0.16290726817042606,1.0012531328320802,0.6616541353383458,0.0,0.010025062656641603,0.0008433173364846581,en,everyone,Sprinklr,0.0,0.0,0.0,0.9125,0.1,1.0375,0.0,0.0,30.9375,en,everyone,Sprinklr,0.9125,309,True,False,2011-05-18T22:15:26.000Z,False,1,0,1,0,0
DelTaco,0.0,0.12030075187969924,0.04887218045112782,0.17919799498746866,0.44360902255639095,0.40977443609022557,0.0,0.0037593984962406013,0.0015332267208153178,en,everyone,Sprout Social,0.0,0.0125,0.0,0.5625,0.025,0.65,0.0,0.0,17.25,en,everyone,Twitter Web App,0.55,3924,True,False,2009-11-14T01:23:29.000Z,False,0,0,1,0,0
DennysDiner,0.0,0.0275,0.02625,0.13,0.09,0.075,0.0,0.01625,0.005153668817338787,en,everyone,Sprout Social,0.0,0.0625,0.0125,0.625,0.4,0.575,0.0,0.0,22.2,en,everyone,Twitter Web App,0.55,0,True,False,2009-03-06T20:16:35.000Z,True,0,0,1,0,0
Dickeys,0.0,0.13266583229036297,0.030037546933667083,0.17271589486858574,0.295369211514393,0.37296620775969963,0.0,0.012515644555694618,0.0004558457992685507,en,everyone,Sprout Social,0.0,0.15,0.1125,0.4875,0.1625,0.7375,0.0,0.025,14.2,en,everyone,Twitter Web App,0.225,713,False,False,2010-02-04T23:30:30.000Z,False,1,0,1,0,0
DutchBros,0.0012658227848101266,0.19746835443037974,0.06962025316455696,0.28354430379746837,0.5240506329113924,0.35063291139240504,0.0,0.0189873417721519,0.0040654306811408756,en,everyone,Twitter for iPhone,0.0,0.0,0.0,0.9625,0.0,1.0125,0.0,0.0,10.1375,en,everyone,Sparkcentral.com,0.9625,77,True,False,2009-02-12T19:35:23.000Z,True,0,1,1,0,0
EatAtPerkins,0.0,0.03638644918444166,0.02258469259723965,0.07026348808030113,0.24592220828105396,0.13048933500627352,0.0,0.01631116687578419,0.0011833380225904251,en,everyone,Sprout Social,0.0,0.0,0.0,0.15,0.225,0.25,0.0,0.05,20.3625,en,everyone,Iconosquare.com,0.15,89,False,False,2010-05-12T14:09:46.000Z,True,0,0,1,0,0
EinsteinBros,0.0,0.19718309859154928,0.03969270166453265,0.2407170294494238,0.5006402048655569,0.4967989756722151,0.0,0.002560819462227913,0.0015243034733139467,en,everyone,Sprout Social,0.0,0.0875,0.0,0.95,0.0125,1.15,0.0,0.0,15.1125,en,everyone,Sprout Social,0.8625,177,True,False,2009-07-24T17:10:18.000Z,False,0,0,1,0,0
ElPolloLoco,0.0,0.021303258145363407,0.36716791979949875,0.39097744360902253,0.20551378446115287,0.06766917293233082,0.0,0.015037593984962405,0.00046130608032862833,en,everyone,Twitter Web Client,0.0,0.0125,0.0,0.9625,0.0,1.0125,0.0,0.0,21.275,en,everyone,MomentFeed.,0.95,4529,True,False,2009-03-24T18:04:40.000Z,True,0,0,1,0,0
FirehouseSubs,0.0,0.08125,0.055,0.155,0.2525,0.22125,0.0,0.02125,0.0020407627711686114,en,everyone,Sprout Social,0.0,0.025,0.0125,0.925,0.0125,1.2,0.0,0.0,23.0625,en,everyone,TweetDeck,0.8875,18745,True,False,2009-03-04T21:28:20.000Z,False,0,0,1,0,0
FiveGuys,0.0,0.11013767209011265,0.08010012515644556,0.20525657071339173,0.20150187734668334,0.5193992490613266,0.0,0.02002503128911139,0.0006539736837796905,en,everyone,Khoros Publishing App,0.0,0.0125,0.025,0.6875,0.075,0.8875,0.0,0.0,22.9,en,everyone,Khoros CX US,0.65,396,True,False,2008-12-17T17:33:31.000Z,False,1,0,1,0,0
FreddysUSA,0.0,0.16624685138539042,0.03400503778337532,0.2052896725440806,0.31863979848866497,0.371536523929471,0.0,0.0012594458438287153,0.0009082593697086952,en,everyone,Sprout Social,0.0,0.025,0.0,0.625,0.2,0.675,0.0,0.0,21.725,en,everyone,Sprout Social,0.6,2367,True,False,2011-02-11T21:44:41.000Z,False,0,1,1,0,0
GrillEmAll,0.0,0.15558343789209536,0.037641154328732745,0.2534504391468005,0.2107904642409034,0.8607277289836889,0.0,0.0,0.0006462100042259847,en,everyone,Twitter for iPhone,0.0,0.1,0.075,0.375,0.3875,0.8375,0.0,0.0,15.625,en,everyone,Twitter for iPhone,0.2,316,False,False,2009-11-15T03:06:08.000Z,False,0,0,1,0,0
Hardees,0.0,0.06148055207026349,0.06900878293601004,0.22082810539523212,0.16311166875784192,0.22208281053952322,0.0,0.00878293601003764,0.0012909690793595804,en,everyone,Twitter Web App,0.0,0.0,0.0,0.425,0.0,0.525,0.0,0.0,8.675,en,everyone,Twitter for iPhone,0.425,2800,True,False,2008-09-02T19:35:31.000Z,False,0,0,0,0,0
Hooters,0.0,0.0,0.0825,0.27125,0.0625,0.07375,0.0,0.00875,0.001284738825912018,en,everyone,Twitter Web App,0.0,0.0,0.0,0.9125,0.0,2.325,0.0,0.0,7.575,en,everyone,Twitter Web App,0.9125,2881,True,False,2008-08-27T15:09:09.000Z,False,1,0,0,0,0
IHOP,0.0,0.011278195488721804,0.02882205513784461,0.13533834586466165,0.22431077694235588,0.06641604010025062,0.0,0.021303258145363407,0.004610413310245962,en,everyone,Khoros Publishing,0.0,0.0,0.0,0.95,0.0,0.9625,0.0,0.0,24.9125,en,everyone,Sprout Social,0.95,0,True,False,2012-01-26T20:03:48.000Z,False,1,0,1,0,0
JackBox,0.0,0.027603513174404015,0.11543287327478043,0.25094102885821834,0.3136762860727729,0.23086574654956085,0.0,0.0075282308657465494,0.002131780334553463,en,everyone,Twitter Web App,0.0,0.0,0.0125,0.9125,0.0125,1.05,0.0,0.0,17.8,en,everyone,Twitter Web App,0.9,10082,True,False,2009-01-13T22:14:31.000Z,False,0,0,1,0,0
JambaJuice,0.0,0.02383939774153074,0.026348808030112924,0.15934755332496864,0.6863237139272271,0.21329987452948557,0.0,0.002509410288582183,0.000645377272206637,en,everyone,Sprout Social,0.0,0.0,0.0,0.975,0.0125,1.025,0.0,0.0,7.725,en,everyone,Sprout Social,0.975,48978,True,False,2009-04-08T01:12:35.000Z,False,0,1,1,0,0
JetsPizza,0.0,0.03759398496240601,0.040100250626566414,0.11027568922305764,0.8395989974937343,0.11278195488721804,0.0,0.05388471177944862,0.002033665624735931,en,everyone,Sprout Social,0.0,0.0,0.0125,0.65,0.0875,0.8,0.0,0.0,16.3375,en,everyone,Twitter Web App,0.6375,239,True,False,2009-05-01T20:23:09.000Z,False,0,0,1,0,0
JohnnyRockets,0.0,0.011264080100125156,0.007509386733416771,0.04755944931163955,0.5369211514392991,0.23779724655819776,0.0,0.0050062578222778474,0.0009991175551858982,en,everyone,Sprout Social,0.0,0.0,0.0,0.575,0.05,0.6625,0.0,0.0,21.125,en,everyone,Sprout Social,0.575,16609,True,False,2009-02-19T18:04:10.000Z,False,0,1,1,0,0
LongHornSteaks,0.0,0.0075,0.02625,0.08375,0.425,0.06,0.0,0.025,0.000592759269210054,en,everyone,Khoros Publishing,0.0,0.0,0.0,0.9875,0.0,1.0,0.0,0.0,9.8625,en,everyone,Khoros CX,0.9875,3282,True,False,2014-05-15T18:31:50.000Z,False,0,0,1,0,0
MODPizza,0.0,0.14160401002506265,0.21177944862155387,0.5300751879699248,0.3383458646616541,0.44862155388471175,0.0,0.005012531328320802,0.011893543895369577,en,everyone,Twitter Web App,0.0,0.0125,0.0625,0.85,0.0625,0.975,0.0,0.0,12.0125,en,everyone,Sprout Social,0.775,227,True,False,2010-01-28T01:55:48.000Z,False,0,0,1,0,0
MOOYAHBurgers,0.0,0.5213454075032341,0.015523932729624839,0.5575679172056921,3.22509702457956,1.107373868046572,0.0,0.01164294954721863,0.0004924289375766314,en,everyone,Twitter for iPhone,0.0,0.0125,0.05,0.5125,0.0625,0.5375,0.0,0.0,10.0375,en,everyone,Twitter Web App,0.45,307,False,False,2009-04-04T14:41:48.000Z,False,1,0,1,0,0
Maggianos,0.0,0.025094102885821833,0.03513174404015056,0.07151819322459223,0.533249686323714,0.07151819322459223,0.0,0.005018820577164366,0.00029807762908195287,en,everyone,Khoros Publishing,0.0,0.0,0.0,1.0,0.0125,0.9875,0.0,0.0,24.4375,en,everyone,Khoros CX,1.0,13349,True,False,2009-02-27T18:37:01.000Z,False,0,0,1,0,0
MarcosPizza,0.0,0.10998735777496839,0.01643489254108723,0.14664981036662453,0.5372945638432364,0.27686472819216185,0.0,0.012642225031605562,0.0008385199275934009,en,everyone,Hootsuite,0.0,0.0,0.0,1.0,0.0375,1.15,0.0,0.0,21.9125,en,everyone,Twitter Web App,1.0,3181,True,False,2009-06-25T18:14:51.000Z,True,0,0,1,0,0
McAlistersDeli,0.0,0.06125,0.00875,0.07875,1.0025,0.18,0.0,0.06,0.00040425716266170023,en,everyone,Twitter Web App,0.0,0.0,0.0,0.925,0.0,1.0375,0.0,0.0,11.5125,en,everyone,Sprout Social,0.925,24977,True,False,2009-03-05T20:08:41.000Z,False,0,1,1,0,0
McDonalds,0.0,0.06516290726817042,0.05137844611528822,0.2882205513784461,0.45864661654135336,0.36967418546365916,0.0,0.03508771929824561,0.0065263386882778805,en,everyone,Twitter Web App,0.0,0.0,0.0,1.0,0.0,1.0,0.0,0.0,15.8625,en,everyone,Sprinklr,1.0,13543,True,False,2009-09-02T17:46:43.000Z,True,0,0,0,0,1
MellowMushroom,0.0,0.33080808080808083,0.01893939393939394,0.36237373737373735,0.7828282828282829,0.827020202020202,0.0,0.039141414141414144,0.01420312006203303,en,everyone,Twitter Web Client,0.0,0.15,0.05,0.7875,0.4,1.2125,0.0,0.0,15.825,en,everyone,Twitter for iPhone,0.5875,8894,True,False,2009-03-26T01:35:57.000Z,False,0,0,1,0,0
MillersAleHouse,0.0,0.10075566750629723,0.09445843828715365,0.1977329974811083,0.783375314861461,0.2707808564231738,0.0,0.0163727959697733,0.01476245948877389,en,everyone,Sprout Social,0.0,0.0125,0.0,0.925,0.025,1.2,0.0,0.0,11.4125,en,everyone,Sprout Social,0.9125,684,True,False,2009-03-16T17:57:49.000Z,False,0,1,1,0,0
Moes_HQ,0.0,0.03375,0.08,0.1275,0.2375,0.11125,0.0,0.015,0.006812894730937883,en,everyone,Twitter for iPhone,0.0,0.0,0.0,0.9125,0.0125,1.1125,0.0,0.0125,9.6,en,everyone,Sprout Social,0.9125,48283,True,False,2009-10-21T13:00:28.000Z,False,0,0,1,0,0
OCharleys,0.0,0.1561712846347607,0.09445843828715365,0.26448362720403024,0.2947103274559194,0.3879093198992443,0.0,0.0025188916876574307,0.0010758546434110532,en,everyone,Twitter for iPhone,0.0,0.1,0.0,0.8375,0.075,1.1875,0.0,0.0,28.8,en,everyone,Twitter for iPhone,0.7375,2602,True,False,2011-09-21T13:20:07.000Z,False,0,0,1,0,0
Outback,0.0,0.05897114178168131,0.12797992471769135,0.18820577164366373,0.2685069008782936,0.2534504391468005,0.0,0.025094102885821833,0.0003066702282271792,en,everyone,Khoros Publishing,0.0,0.0125,0.025,0.85,0.1,0.9625,0.0,0.0,10.825,en,everyone,Sprout Social,0.8125,9373,True,False,2009-02-12T21:49:37.000Z,False,0,0,1,0,0
PFChangs,0.0,0.0025,0.005,0.02625,0.3125,0.03375,0.0,0.01375,0.0003109954268532137,en,everyone,Sprout Social,0.0,0.0,0.0,0.7125,0.0875,0.7625,0.0,0.0,28.5625,en,everyone,Emplifi,0.7125,9072,True,False,2008-11-21T22:32:45.000Z,False,0,0,1,0,0
PandaExpress,0.0,0.14411027568922305,0.2781954887218045,0.4799498746867168,0.6942355889724311,0.7380952380952381,0.0,0.0,0.028722806515326747,en,everyone,Khoros Publishing App,0.0,0.0,0.0,1.0,0.0,1.0,0.0,0.0,11.189873417721518,en,everyone,Khoros CX,1.0,2022,True,False,2009-03-13T15:47:43.000Z,False,0,0,1,0,0
PapaJohns,0.0,0.016270337922403004,0.03128911138923655,0.1802252816020025,0.46808510638297873,0.15143929912390489,0.0,0.04130162703379224,0.00019278985012779017,en,everyone,Sprinklr,0.0,0.0,0.0,0.9375,0.025,0.875,0.0,0.0,10.075,en,everyone,Sprinklr,0.9375,5313,True,False,2008-12-29T14:22:23.000Z,True,0,0,1,0,1
PitaPitUSA,0.0,0.07327586206896551,0.23419540229885058,0.3117816091954023,0.3390804597701149,0.16666666666666666,0.0,0.007183908045977011,0.0008643651918332722,en,everyone,Hootsuite Inc.,0.0,0.0125,0.05,0.7125,0.075,0.75,0.0,0.0,12.3,en,everyone,Twitter Web App,0.65,1780,True,False,2009-12-23T18:45:28.000Z,False,0,1,1,0,0
Popeyes,0.0,0.06382978723404255,0.08886107634543179,0.25156445556946183,0.2928660826032541,0.18397997496871088,0.0,0.02002503128911139,0.012562370702981135,en,everyone,Twitter Web App,0.0,0.0,0.0125,1.0125,0.175,1.2,0.0,0.0,25.9625,en,everyone,Sprinklr,1.0,5309,True,False,2008-05-13T12:25:25.000Z,False,0,0,1,0,0
Potbelly,0.0,0.42181340341655715,0.12089356110381078,0.6636005256241787,0.08278580814717477,0.8134034165571616,0.0,0.006570302233902759,0.02624250908192503,en,everyone,Twitter for iPhone,0.0,0.0875,0.1125,0.6875,0.1125,0.825,0.0,0.025,16.025,en,everyone,Twitter Web App,0.4875,90,True,False,2008-10-29T16:19:49.000Z,False,1,0,1,0,0
Quiznos,0.0,0.022556390977443608,0.02506265664160401,0.047619047619047616,1.3659147869674186,0.12781954887218044,0.0,0.008771929824561403,0.0007870262351983233,en,everyone,Twitter Web App,0.0,0.025,0.0125,0.075,0.5,0.4125,0.0,0.0,34.1625,en,everyone,Twitter Web App,0.0375,4187,True,False,2008-12-01T22:44:38.000Z,False,0,0,1,0,0
RoundTablePizza,0.0,0.03508771929824561,0.12155388471177944,0.17418546365914786,0.13408521303258145,0.15664160401002505,0.0,0.03508771929824561,0.0005755926943532191,en,everyone,Twitter Web App,0.0,0.0,0.0,0.75,0.1375,1.15,0.0,0.0,19.675,en,everyone,Twitter Web App,0.75,2570,True,False,2009-03-12T17:44:50.000Z,True,0,0,1,0,0
RuthsChris,0.0,0.09240506329113925,0.010126582278481013,0.12278481012658228,0.2848101265822785,0.330379746835443,0.0037974683544303796,0.0012658227848101266,0.0019711304776443986,en,everyone,Hootsuite,0.0,0.0,0.0,0.725,0.0125,0.9,0.0,0.0,37.2375,en,everyone,Sprout Social,0.725,366,True,False,2012-07-19T18:14:06.000Z,False,0,1,1,0,0
SUBWAY,0.0,0.03625,0.05,0.15875,0.42875,0.18625,0.0,0.10125,0.00018652263899129664,en,everyone,Twitter Web App,0.0,0.0,0.0125,0.875,0.2875,0.9375,0.0,0.0125,14.1375,en,everyone,Khoros CX,0.8625,29901,True,False,2009-02-11T21:59:01.000Z,False,0,0,1,0,1
SaltgrassSteak,0.0,0.00375,0.0,0.00375,1.68,0.03875,0.0,0.0,0.002056264092446398,en,everyone,Sprinklr Publisher,0.0,0.0,0.0,0.025,8.2375,0.0375,0.0,0.0,27.8125,en,everyone,Sprinklr Publisher,0.025,560,False,False,2010-06-14T16:25:19.000Z,False,0,0,1,0,0
Schlotzskys,0.0,0.0125,0.0125,0.03125,0.95375,0.05625,0.0,0.00625,0.0010804712793089032,en,everyone,Twitter Web App,0.0,0.0,0.0,0.9375,0.0125,1.05,0.0,0.0,9.4625,en,everyone,Sprout Social,0.9375,18747,True,False,2008-12-30T00:38:15.000Z,False,0,0,1,0,0
ShakeysUSA,0.0,0.04375,0.075,0.1775,0.96,0.14125,0.0,0.00625,0.0010236402966625057,en,everyone,Sprinklr Publishing,0.0,0.1125,0.1125,0.3375,1.725,0.6625,0.0,0.0,16.9375,en,everyone,Agorapulse app,0.1125,1179,False,False,2009-06-23T18:28:54.000Z,False,0,0,1,0,0
SmoothieKing,0.0,0.042606516290726815,0.020050125313283207,0.06265664160401002,0.6842105263157895,0.2894736842105263,0.0,0.0,0.0007383898840585576,en,everyone,Sprout Social,0.0,0.025,0.0,0.9,0.025,0.9625,0.0,0.0,5.7875,und,everyone,Twitter for iPhone,0.875,1272,True,False,2008-03-31T04:56:14.000Z,True,1,1,1,0,0
Starbucks,0.0,0.26962025316455696,0.03291139240506329,0.3911392405063291,0.2468354430379747,0.41265822784810124,0.0,0.035443037974683546,0.00027671067270852723,en,everyone,Twitter Web App,0.0,0.0125,0.0,0.975,0.0,1.0,0.0,0.0,8.525,en,everyone,Khoros CX US,0.9625,90761,True,False,2006-11-29T19:19:02.000Z,False,0,0,1,0,0
SteaknShake,0.0,0.035,0.03125,0.10125,0.6275,0.465,0.0,0.02125,0.00018718356249896006,en,everyone,Hootsuite Inc.,0.0,0.0,0.0625,0.525,0.1375,0.775,0.0,0.0,18.9375,en,everyone,Twitter Web App,0.4625,82,True,False,2012-04-30T21:20:23.000Z,False,0,0,1,0,0
TGIFridays,0.0,0.01,0.00875,0.01875,2.52875,0.13,0.0,0.01125,0.00012651046605260708,en,everyone,Sprinklr Publishing,0.0,0.0,0.0,0.8,0.5,1.0625,0.0,0.0,27.875,en,everyone,Sprinklr Publishing,0.8,7251,True,False,2010-06-21T21:10:28.000Z,True,0,0,1,0,0
TSmoothieCafe,0.0,0.15796178343949044,0.10828025477707007,0.2751592356687898,0.6025477707006369,0.39872611464968155,0.0025477707006369425,0.003821656050955414,0.01128433795649467,en,everyone,LaterMedia,0.0,0.0,0.0375,0.85,0.05,0.8875,0.0,0.0125,25.8125,en,everyone,Sprinklr,0.8125,41,True,False,2009-06-24T18:39:06.000Z,False,0,1,1,0,0
TimHortons,0.0,0.14,0.08625,0.38,0.57625,0.43125,0.0,0.0225,0.0004174217836336459,en,everyone,Twitter Web App,0.0,0.0,0.0,0.95,0.025,0.95,0.0,0.0,27.125,en,everyone,Sprinklr,0.95,2695,True,False,2011-09-29T16:27:51.000Z,False,0,0,1,0,0
WaffleHouse,0.0,0.19395465994962216,0.1397984886649874,0.36397984886649876,0.2972292191435768,0.6586901763224181,0.0,0.0012594458438287153,0.004688731458369735,en,everyone,Sprinklr,0.0,0.0125,0.0,0.9375,0.0,1.0375,0.0,0.0,11.9625,en,everyone,Sprinklr,0.925,4986,True,False,2009-03-05T15:45:44.000Z,True,0,0,1,0,0
Wendys,0.0,0.07259073842302878,0.21151439299123906,0.38172715894868586,0.16896120150187735,0.24155193992490614,0.0,0.02002503128911139,0.004095523431668087,en,everyone,Twitter Web App,0.0,0.0,0.0,0.9875,0.0,1.0375,0.0,0.0,22.4375,en,everyone,Salesforce - Social Studio,0.9875,444,True,False,2009-07-23T18:54:01.000Z,False,0,0,1,0,0
Whataburger,0.0,0.08281053952321205,0.05269761606022585,0.1656210790464241,0.20200752823086573,0.26474278544542035,0.0,0.010037641154328732,0.0033229865620554686,en,everyone,Twitter Web Client,0.0,0.0,0.0125,0.9375,0.0,1.25,0.0,0.0,12.7625,en,everyone,TweetDeck,0.925,184870,True,False,2011-08-11T13:58:37.000Z,False,0,1,1,0,0
WhiteCastle,0.0,0.17647058823529413,0.04380475594493116,0.23529411764705882,0.5269086357947435,0.5193992490613266,0.0012515644555694619,0.0037546933667083854,0.001130104009305317,en,everyone,Twitter Web App,0.0,0.225,0.025,0.525,0.2875,0.975,0.0,0.0,19.125,en,everyone,Sprout Social,0.275,3156,True,False,2010-02-19T16:31:34.000Z,True,0,0,1,0,0
YardHouse,0.0,0.0025,0.02125,0.1075,0.23875,0.0575,0.0,0.10875,0.000527242546935586,en,everyone,Khoros Publishing,0.0,0.0,0.0,0.925,0.025,0.9375,0.0,0.0125,10.0125,en,everyone,Khoros CX,0.925,10979,True,False,2009-03-16T19:31:48.000Z,False,0,0,1,0,0
Zaxbys,0.0,0.29620253164556964,0.0949367088607595,0.42658227848101266,0.0379746835443038,0.49240506329113926,0.0,0.0037974683544303796,0.0015180734714300848,en,everyone,Twitter Web App,0.0,0.0375,0.0125,0.9625,0.0,1.2375,0.0,0.0,10.15,en,everyone,Twitter Web App,0.9125,1263,True,False,2011-08-31T13:37:07.000Z,True,0,0,1,0,0
Zippys,0.0,0.0075,0.01125,0.02,1.0975,0.1125,0.0,0.0,0.0007159708196949165,en,everyone,Hootsuite Inc.,0.0,0.0,0.0,0.0,1.05,0.2,0.0,0.0,21.275,en,everyone,Hootsuite Inc.,0.0,3286,False,False,2008-09-10T19:08:40.000Z,False,1,3,1,0,0
ZoesKitchen,0.0,0.14104193138500634,0.02795425667090216,0.16899618805590852,0.1397712833545108,0.3278271918678526,0.0,0.0,0.00022545830372196912,en,everyone,Khoros Publishing App,0.0,0.175,0.0,0.9875,0.0125,1.1375,0.0,0.0,17.7625,en,everyone,Sprout Social,0.8125,29,True,False,2009-05-28T15:38:34.000Z,False,0,0,1,0,0
awrestaurants,0.0,0.32578616352201256,0.04905660377358491,0.4490566037735849,0.47547169811320755,0.5886792452830188,0.0,0.018867924528301886,0.0055471243020684975,en,everyone,Sprinklr,0.0,0.1625,0.0125,0.675,0.1125,0.7875,0.0,0.0125,14.55,en,everyone,Sprinklr,0.5,581,True,False,2009-03-11T23:24:11.000Z,True,0,0,1,0,0
bjsrestaurants,0.0,0.00875,0.00375,0.035,0.3625,0.08875,0.0,0.01625,0.00020680978282082302,en,everyone,HeyOrca,0.0,0.0,0.0,0.7,0.0625,0.7875,0.0,0.0,33.0,en,everyone,Sprout Social,0.7,6566,True,False,2009-04-20T15:41:58.000Z,False,0,0,1,0,0
bostonmarket,0.0,0.02506265664160401,0.03759398496240601,0.10526315789473684,0.08771929824561403,0.11904761904761904,0.0,0.0,0.003633566410046983,en,everyone,MomentFeed.,0.0,0.05063291139240506,0.0,0.379746835443038,0.189873417721519,0.569620253164557,0.0,0.0,23.379746835443036,en,everyone,Sprout Social,0.3291139240506329,1399,True,False,2009-05-06T14:42:53.000Z,False,0,0,1,0,0
caferio,0.0,0.0617906683480454,0.0605296343001261,0.12610340479192939,1.1034047919293821,0.15132408575031525,0.0,0.05170239596469105,0.0008513681231772627,en,everyone,Twitter for iPhone,0.0,0.0125,0.0,0.4,1.125,0.4125,0.0,0.0,35.425,en,everyone,Twitter for iPhone,0.3875,485,True,False,2010-03-01T00:14:41.000Z,True,0,0,1,0,1
calpizzakitchen,0.0,0.12015018773466833,0.12265331664580725,0.31289111389236546,0.6733416770963705,0.34668335419274093,0.0,0.03629536921151439,0.00034435883081352774,en,everyone,Twitter Web App,0.0,0.0125,0.0625,0.7,0.25,0.7,0.0,0.0125,17.5625,en,everyone,Twitter Web App,0.625,12,True,False,2009-01-22T23:41:31.000Z,True,0,0,1,0,0
cheddarskitchen,0.0,0.12781954887218044,0.06766917293233082,0.21303258145363407,0.35463659147869675,0.44360902255639095,0.0,0.03759398496240601,0.010523916902557164,en,everyone,Khoros Publishing,0.0,0.0125,0.0,0.925,0.075,1.275,0.0,0.0,11.2125,en,everyone,Khoros CX,0.9125,1464,True,False,2016-03-18T16:17:00.000Z,False,0,0,1,0,0
culvers,0.0,0.00125,0.02375,0.0375,0.18125,0.10875,0.0,0.0,0.0014840406221338562,en,everyone,Hootsuite Inc.,0.0,0.0,0.0,0.8625,0.0,0.9375,0.0,0.0,24.6375,en,everyone,Clarabridge Engage,0.8625,3646,True,False,2008-12-11T21:59:44.000Z,False,0,0,1,0,0
dominos,0.0,0.02375,0.0125,0.0975,0.17375,0.1125,0.0,0.01875,0.0011494665007453183,en,everyone,Emplifi,0.0,0.0,0.0,1.0,0.0,1.0375,0.0,0.0,20.575,en,everyone,Astute Global,1.0,533,True,False,2009-04-15T16:18:59.000Z,False,0,0,1,0,0
eatatjacks,0.0,0.07142857142857142,0.06516290726817042,0.14160401002506265,0.4674185463659148,0.21052631578947367,0.0,0.0012531328320802004,0.00246860949469792,en,everyone,Twitter Web App,0.0,0.0125,0.025,0.3625,0.0625,0.45,0.0,0.0,21.975,en,everyone,Twitter Web App,0.325,2360,True,False,2009-09-03T21:00:02.000Z,False,0,1,1,0,0
goldencorral,0.0,0.2647814910025707,0.007712082262210797,0.2763496143958869,0.5424164524421594,0.5115681233933161,0.0,0.006426735218508998,0.0011064799080008094,en,everyone,Twitter Web Client,0.0,0.0,0.0,0.5375,0.0,0.575,0.0,0.0,29.2125,en,everyone,Conversocial,0.5375,33,True,False,2009-02-03T17:35:37.000Z,False,0,1,1,0,1
habitburger,0.0,0.1276595744680851,0.14267834793491865,0.27409261576971217,0.22152690863579474,0.360450563204005,0.0012515644555694619,0.01376720901126408,0.0014910129982520911,en,everyone,Twitter Web App,0.0,0.025,0.0375,0.875,0.025,0.975,0.0,0.0,13.95,en,everyone,Twitter Web App,0.8125,2226,True,False,2010-07-30T00:15:29.000Z,True,0,0,1,0,0
hungryhowies,0.0,0.14483627204030228,0.036523929471032744,0.2141057934508816,1.149874055415617,0.380352644836272,0.0,0.0012594458438287153,0.002038253876038039,en,everyone,MomentFeed.,0.0,0.2,0.0,0.75,0.325,0.8125,0.0,0.0,22.8,en,everyone,MomentFeed.,0.55,20,False,False,2009-08-28T18:00:55.000Z,False,0,0,1,0,1
jasonsdeli,0.0,0.04396984924623116,0.09673366834170855,0.14195979899497488,0.28391959798994976,0.13819095477386933,0.0,0.002512562814070352,0.0005593889847245763,en,everyone,Sprout Social,0.0,0.0,0.0,0.975,0.0,1.0,0.0,0.0,9.475,['en' 'und'],everyone,Sprout Social,0.975,264,False,False,2008-07-09T22:44:43.000Z,False,0,0,1,0,0
jerseymikes,0.0,0.15452261306532664,0.04648241206030151,0.2550251256281407,0.2638190954773869,0.44095477386934673,0.0,0.001256281407035176,0.0014779512388532472,en,everyone,TweetDeck,0.0,0.0,0.0,0.825,0.05,0.8625,0.0,0.0,19.075,en,everyone,Sprout Social,0.825,4810,True,False,2010-09-10T19:45:44.000Z,False,0,0,1,0,0
jimmyjohns,0.0,0.23057324840764332,0.14522292993630573,0.3885350318471338,0.21528662420382166,0.4573248407643312,0.0,0.006369426751592357,0.0006795968753219022,en,everyone,Sprinklr Publishing,0.0,0.0,0.0,0.9625,0.0,1.0,0.0,0.0,7.35,und,everyone,Sprinklr Publishing,0.9625,609,True,False,2009-02-26T01:33:11.000Z,False,0,0,1,0,0
kfc,0.0,0.1486146095717884,0.05793450881612091,0.32871536523929473,0.39420654911838793,0.5465994962216625,0.0,0.0025188916876574307,0.0006446065405980535,en,everyone,Twitter Media Studio,0.0,0.0125,0.0125,0.3375,0.075,0.5625,0.0,0.0,17.5375,en,everyone,Twitter for iPhone,0.3125,11,True,False,2008-07-11T15:16:14.000Z,False,0,0,1,0,1
kogibbq,0.0,0.0,0.0,0.0025,0.705,0.00875,0.0,0.0,3.968013468013382e-05,en,everyone,Twitter for iPhone,0.0,0.0,0.0,0.0,0.7375,0.0,0.0,0.0,13.4375,en,everyone,Twitter for iPhone,0.0,2023,True,False,2008-11-06T06:35:39.000Z,True,0,1,1,0,1
krispykreme,0.0,0.0075,0.02875,0.04625,2.58375,0.08625,0.0,0.00625,0.0015396287308735387,en,everyone,Twitter Web App,0.0,0.0,0.0,0.925,0.0,0.95,0.0,0.0,20.7875,en,everyone,Sprinklr,0.925,14888,True,False,2008-12-07T18:16:47.000Z,False,0,0,1,0,1
littlecaesars,0.0,0.21012658227848102,0.060759493670886074,0.33544303797468356,0.49493670886075947,0.4379746835443038,0.0,0.017721518987341773,0.0007891563161590167,en,everyone,Twitter Web App,0.0,0.0,0.0,0.9625,0.0,1.0,0.0,0.0,18.2125,en,everyone,Conversocial,0.9625,917,True,False,2009-07-18T02:07:00.000Z,False,0,0,1,0,0
longjohnsilvers,0.0013020833333333333,0.3098958333333333,0.1953125,0.62109375,0.22916666666666666,0.39453125,0.005208333333333333,0.0078125,0.0011156934233856866,en,everyone,Twitter Web App,0.0,0.025,0.0,0.85,0.0625,1.1,0.0,0.0,11.7375,en,everyone,Twitter for Android,0.825,0,True,False,2009-06-30T18:23:18.000Z,True,1,0,1,0,0
noodlescompany,0.0,0.03383458646616541,0.07894736842105263,0.12406015037593984,1.231829573934837,0.13032581453634084,0.0,0.013784461152882205,0.00039673545776945293,en,everyone,['Falcon Social Media Management ' 'Hootsuite Inc.'],0.0,0.025,0.0,0.9,0.0125,0.975,0.0,0.0,19.7875,en,everyone,Twitter Web App,0.875,1962,True,False,2010-06-14T18:11:30.000Z,False,0,0,1,0,0
olivegarden,0.0,0.015037593984962405,0.045112781954887216,0.07017543859649122,0.24310776942355888,0.11152882205513784,0.0,0.11779448621553884,0.001235832011649694,en,everyone,Khoros Publishing,0.0,0.0,0.0,0.9875,0.0,1.0,0.0,0.0,12.475,en,everyone,Khoros CX,0.9875,17970,True,False,2007-05-14T00:22:20.000Z,False,0,0,1,0,0
panerabread,0.0,0.045283018867924525,0.10943396226415095,0.24150943396226415,0.32075471698113206,0.16477987421383647,0.0,0.03018867924528302,0.0009270400660923731,en,everyone,Twitter Web App,0.0,0.0,0.025,0.95,0.025,1.175,0.0,0.0125,7.7625,en,everyone,Twitter Web App,0.925,11355,True,False,2009-08-07T00:32:48.000Z,False,0,0,1,0,0
papamurphys,0.0,0.23135271807838179,0.025284450063211124,0.32364096080910243,0.8912768647281921,0.6321112515802781,0.0025284450063211127,0.025284450063211124,0.0009702478724605695,en,everyone,Twitter Web Client,0.0,0.0,0.0375,0.7625,0.2125,0.8875,0.0,0.025,16.95,en,everyone,Twitter Web App,0.725,2038,True,False,2009-06-12T18:31:18.000Z,False,1,0,1,0,0
peetscoffee,0.0,0.178168130489335,0.027603513174404015,0.23462986198243413,0.5131744040150564,0.44040150564617314,0.0,0.0037641154328732747,0.0007324809038934357,en,everyone,Hootsuite Inc.,0.0,0.0375,0.025,0.6,0.2125,0.875,0.0,0.0,24.65,en,everyone,Hootsuite Inc.,0.5375,557,True,False,2008-10-08T16:04:04.000Z,True,1,0,1,0,0
pollotropical,0.0,0.06508135168961202,0.007509386733416771,0.07259073842302878,0.7133917396745932,0.1214017521902378,0.0,0.012515644555694618,0.0012223770146980123,en,everyone,Twitter Web Client,0.0,0.0,0.0,1.0,0.0,1.15,0.0,0.0,20.975,en,everyone,Twitter Web App,1.0,63,True,False,2009-04-27T19:56:10.000Z,False,1,1,1,0,0
portilloshotdog,0.0012547051442910915,0.10037641154328733,0.07653701380175659,0.18569636135508155,0.18318695106649938,0.3111668757841907,0.0,0.006273525721455458,0.002324310707061758,en,everyone,Sprout Social,0.0,0.0125,0.0125,0.3625,0.0125,0.475,0.0,0.0125,20.9875,en,everyone,Sprout Social,0.3375,455,True,False,2015-02-12T15:32:36.000Z,False,0,0,1,0,0
qdoba,0.0,0.0175,0.19375,0.3175,0.1925,0.31375,0.0,0.0275,0.0011185790089580728,en,everyone,Twitter Web App,0.0,0.0,0.0,0.925,0.0,1.0375,0.0,0.0,17.6,en,everyone,Sprout Social,0.925,6639,True,False,2009-01-27T23:00:49.000Z,False,0,0,1,0,0
raisingcanes,0.0,0.0625,0.04,0.105,0.2475,0.23,0.0,0.0175,0.0036178247265231654,en,everyone,Sprinklr,0.0,0.0375,0.0125,0.55,0.05,0.6375,0.0,0.0,20.5,en,everyone,Sprinklr,0.5,3,True,False,2009-04-01T19:22:50.000Z,False,0,0,0,0,0
redlobster,0.0,0.00375,0.00625,0.01,0.69,0.03625,0.0,0.0,0.00041765757482125493,en,everyone,Sprinklr Publisher,0.0,0.0,0.0,0.8375,0.225,0.8375,0.0,0.0,13.7375,en,everyone,Sprinklr Publisher,0.8375,326,True,False,2007-05-14T00:19:37.000Z,False,0,1,1,0,0
redrobinburgers,0.0,0.13081761006289308,0.05786163522012579,0.2050314465408805,0.7345911949685534,0.2540880503144654,0.0,0.022641509433962263,0.000325372858420652,en,everyone,Sprinklr,0.0,0.0,0.0,1.0,0.0,1.0,0.0,0.0,20.7625,en,everyone,Sprinklr,1.0,1,True,False,2009-02-10T13:59:55.000Z,False,0,0,1,0,0
rubytuesday,0.0,0.005,0.01875,0.055,0.86,0.075,0.0,0.00875,0.0014751815573586294,en,everyone,Hootsuite Inc.,0.0,0.0,0.0125,0.8125,0.0375,0.8125,0.0,0.0,17.4625,en,everyone,Twitter Web App,0.8,0,True,False,2009-06-04T02:54:16.000Z,True,1,1,1,0,0
shakeshack,0.0,0.015,0.055,0.08625,0.2225,0.29,0.0,0.01,0.0017808445442321777,en,everyone,Twitter Web App,0.0,0.0,0.0,0.925,0.0125,1.0875,0.0,0.0,23.1375,en,everyone,Sprinklr Publishing,0.925,866,True,False,2010-11-05T15:31:33.000Z,False,0,0,1,0,0
sonicdrivein,0.0,0.03007518796992481,0.03634085213032581,0.11278195488721804,0.19924812030075187,0.15789473684210525,0.0,0.05012531328320802,0.0005200636237248915,en,everyone,TweetDeck,0.0,0.0,0.0,0.9375,0.0125,1.175,0.0,0.0,22.6875,en,everyone,Sprinklr,0.9375,4401,True,False,2009-05-15T22:28:50.000Z,True,0,0,1,0,0
tacobell,0.0,0.08010012515644556,0.15018773466833543,0.27784730913642053,0.2640801001251564,0.3241551939924906,0.0,0.010012515644555695,0.0008300782469615796,en,everyone,Twitter for Advertisers.,0.0,0.0,0.025,0.7875,0.0,0.875,0.0,0.0,9.1,en,everyone,Twitter Web App,0.7625,94,True,False,2007-07-30T21:52:37.000Z,False,0,0,1,0,1
tacojohns,0.0,0.23329129886506936,0.011349306431273645,0.244640605296343,1.7200504413619169,0.47414880201765447,0.0,0.0037831021437578815,0.0007688931118384957,en,everyone,Sprout Social,0.0,0.0,0.0,0.775,0.9875,0.8,0.0,0.0,19.025,en,everyone,Sprout Social,0.775,23,True,False,2008-04-24T17:31:54.000Z,False,0,0,1,0,0
texasroadhouse,0.0,0.12706480304955528,0.1880559085133418,0.3290978398983482,0.21092757306226176,0.2947903430749682,0.0,0.005082592121982211,0.0223810308425304,en,everyone,TweetDeck,0.0,0.0375,0.0625,0.7875,0.025,0.775,0.0,0.0,11.9625,en,everyone,TweetDeck,0.6875,28863,True,False,2008-11-19T15:46:43.000Z,False,0,0,1,0,0
torchystacos,0.0,0.1794228356336261,0.025094102885821833,0.22835633626097868,0.43036386449184444,0.479297365119197,0.0,0.006273525721455458,0.0009216302224752077,en,everyone,Twitter Web App,0.0,0.05,0.0,0.5125,0.3125,0.675,0.0,0.025,20.625,en,everyone,Twitter Web App,0.4625,4410,True,False,2009-03-04T18:06:19.000Z,False,0,0,1,0,0
umamiburger,0.0,0.0725,0.05875,0.13125,0.87,0.4825,0.0,0.0,0.0003534641370573332,en,everyone,Sprout Social,0.0,0.0,0.0,0.0125,0.4875,0.15,0.0,0.0,18.0375,en,everyone,Sprout Social,0.0125,938,True,False,2009-03-20T23:44:39.000Z,False,0,1,1,0,0
wienerschnitzel,0.0012531328320802004,0.07017543859649122,0.043859649122807015,0.13283208020050125,0.6428571428571429,0.20551378446115287,0.0,0.002506265664160401,0.0013822834662543025,en,everyone,Sprout Social,0.0,0.0125,0.0,0.8375,0.025,0.95,0.0,0.0,12.125,en,everyone,Sprout Social,0.825,2105,True,False,2009-01-28T05:29:38.000Z,False,0,0,1,0,0
wingstop,0.0,0.11403508771929824,0.24937343358395989,0.424812030075188,0.2669172932330827,0.2932330827067669,0.0,0.0037593984962406013,0.0058790288261315405,en,everyone,Twitter Web App,0.0,0.0,0.0,1.0,0.0125,1.05,0.0,0.0,17.475,en,everyone,Twitter Web App,1.0,36,True,False,2009-11-14T03:20:28.000Z,True,0,0,1,0,0
